epoch,train_loss,eval_loss,eval_top1,eval_top5
0,1.9608028433652371,0.9068807948268659,73.59705718529521,96.72646676568883
1,1.824251652649572,0.8443070902861586,74.89556256962496,97.43316004455997
