epoch,train_loss,eval_loss,eval_top1,eval_top5
0,1.9608028433652371,0.9068807948268659,73.59705718529521,96.72646676568883
1,1.824251652649572,0.8443070902861586,74.89556256962496,97.43316004455997
2,1.8394122932322134,0.8529247194694578,74.39426290382472,97.3554121797252
3,1.8582793369689987,0.8766028244522837,73.58545302636465,97.0966394355737
4,1.8566934644378843,0.8750739765131823,73.75487374675083,97.16394355737096
